{
    "arbitrum_mainnet": {
        "0xfa7f8980b0f1e64a2062791cc3b0871572f1f7f0_0xc24f7d8e51a64dc1238880bd00bb961d54cbeb29": {
            "token_address": "0xfa7f8980b0f1e64a2062791cc3b0871572f1f7f0",
            "fee": 3000,
            "pool_address": "0xc24f7d8e51a64dc1238880bd00bb961d54cbeb29",
            "token_base_value": 4835632794911267049,
            "input_amount": 1970494445706401,
            "current_roi": 0.9991200696820034,
            "expected_roi": 1.0980325125640493
        },
        "0x1d987200df3b744cfa9c14f713f5334cb4bc4d5d_0xaf1f6c3485ad1f1640267c402d3f2bf54c0b8dd0": {
            "token_address": "0x1d987200df3b744cfa9c14f713f5334cb4bc4d5d",
            "fee": 3000,
            "pool_address": "0xaf1f6c3485ad1f1640267c402d3f2bf54c0b8dd0",
            "token_base_value": 18968940936355872,
            "input_amount": 1970494445706401,
            "current_roi": 0.7597821710487451,
            "expected_roi": 1.0980325125640493
        },
        "0x8d9ba570d6cb60c7e3e0f31343efe75ab8e65fb1_0x86dfa4e3a31dee7d30973f7f65b523d6e19ff456": {
            "token_address": "0x8d9ba570d6cb60c7e3e0f31343efe75ab8e65fb1",
            "fee": 3000,
            "pool_address": "0x86dfa4e3a31dee7d30973f7f65b523d6e19ff456",
            "token_base_value": 1116520414994993,
            "input_amount": 1418756000908609,
            "current_roi": 0.9940469913468108,
            "expected_roi": 1.110347644967937
        },
        "0xeca66820ed807c096e1bd7a1a091cd3d3152cc79_0x3f79be87cb3fff4003a911d8337df9197593e41a": {
            "token_address": "0xeca66820ed807c096e1bd7a1a091cd3d3152cc79",
            "fee": 10000,
            "pool_address": "0x3f79be87cb3fff4003a911d8337df9197593e41a",
            "token_base_value": 229304455523800465,
            "input_amount": 1418756000908609,
            "current_roi": 0.9342150013042038,
            "expected_roi": 1.1239930003435556
        },
        "0x0c880f6761f1af8d9aa9c466984b80dab9a8c9e8_0xdbaeb7f0dfe3a0aafd798ccecb5b22e708f7852c": {
            "token_address": "0x0c880f6761f1af8d9aa9c466984b80dab9a8c9e8",
            "fee": 3000,
            "pool_address": "0xdbaeb7f0dfe3a0aafd798ccecb5b22e708f7852c",
            "token_base_value": 3339169889475222826,
            "input_amount": 1418756000908609,
            "current_roi": 0.8473373039474432,
            "expected_roi": 1.110347644967937
        },
        "0xfc5a1a6eb076a2c7ad06ed22c90d7e710e35ad0a_0x1aeedd3727a6431b8f070c0afaa81cc74f273882": {
            "token_address": "0xfc5a1a6eb076a2c7ad06ed22c90d7e710e35ad0a",
            "fee": 3000,
            "pool_address": "0x1aeedd3727a6431b8f070c0afaa81cc74f273882",
            "token_base_value": 53858297612029931,
            "input_amount": 1418756000908609,
            "current_roi": 1.0027532530591543,
            "expected_roi": 1.110347644967937
        }
    },
    "goerli_testnet": {},
    "ethereum_mainnet": {},
    "bsc_mainnet": {}
}